1,Joana Elldred,20,jelldred0@usgs.gov,M,Student
2,Tuck McCullouch,22,tmccullouch1@tamu.edu,M,Student
3,Herculie Van Waadenburg,25,hvan2@bbc.co.uk,M,Student
4,Belinda Fallowfield,22,bfallowfield3@google.co.uk,F,Instructor
5,Bayard Annell,20,bannell4@artisteer.com,F,Instructor
6,Friedrich Bondar,29,fbondar5@oakley.com,M,Stuff
7,Lauri Perry,26,lperry6@github.io,F,Student
8,Callie Leele,24,cleele7@addtoany.com,F,Instructor
9,Liana Blackborough,21,lblackborough8@walmart.com,F,Stuff
10,Paula Arondel,18,parondel9@nih.gov,F,Student
11,Rudie Birth,30,rbirtha@1und1.de,M,Stuff
12,Berkley Faley,23,bfaleyb@princeton.edu,F,Stuff
13,Townsend Rediers,29,trediersc@linkedin.com,M,Instructor
14,Tallulah Gronowe,20,tgronowed@who.int,M,Instructor
15,Winifield Gueinn,29,wgueinne@vistaprint.com,M,Student
16,Dulcie Hebborn,23,dhebbornf@opera.com,F,Instructor
17,Leonid Rubbert,29,lrubbertg@google.fr,F,Stuff
18,Kermie Gadault,26,kgadaulth@globo.com,M,Stuff
19,Barton Hussey,25,bhusseyi@google.ca,M,Stuff
20,Karilynn Matteacci,22,kmatteaccij@aol.com,M,Stuff
21,Cati Lichfield,24,clichfieldk@barnesandnoble.com,M,Instructor
22,Falkner Dupoy,26,fdupoyl@cloudflare.com,F,Stuff
23,Gleda Pozzo,27,gpozzom@cdbaby.com,M,Instructor
24,Roscoe Ruoss,19,rruossn@bloglines.com,M,Stuff
25,Bart Thurlby,18,bthurlbyo@histats.com,M,Instructor
26,Nichole Caveney,24,ncaveneyp@goodreads.com,F,Student
27,Rudolph Collingham,26,rcollinghamq@symantec.com,F,Student
28,Chiarra Tew,19,ctewr@sina.com.cn,F,Instructor
29,Lexie Skellorne,22,lskellornes@sun.com,M,Student
30,Gabbie Prescott,30,gprescottt@yahoo.com,M,Instructor
31,Kerrie Welbourn,18,kwelbournu@auda.org.au,F,Stuff
32,Craggie Goolding,18,cgooldingv@ucsd.edu,F,Student
33,Queenie Emmert,19,qemmertw@typepad.com,F,Stuff
34,Aleta Knibb,29,aknibbx@indiatimes.com,F,Stuff
35,Rick Mollatt,19,rmollatty@google.fr,M,Stuff
36,Gunar Dumper,20,gdumperz@state.tx.us,F,Instructor
37,Nissie Costy,29,ncosty10@bluehost.com,F,Instructor
38,Antoinette Moizer,23,amoizer11@people.com.cn,F,Stuff
39,Germaine Campagne,22,gcampagne12@unblog.fr,F,Student
40,Mirella Kildahl,27,mkildahl13@pbs.org,M,Instructor
41,Brietta Lillow,26,blillow14@moonfruit.com,F,Student
42,Tristan Lomath,22,tlomath15@hostgator.com,F,Instructor
43,Lynnett Horick,27,lhorick16@netlog.com,F,Instructor
44,Emelina Leather,23,eleather17@gravatar.com,M,Instructor
45,Jerrine Angear,26,jangear18@addtoany.com,M,Stuff
46,Michell Lohmeyer,24,mlohmeyer19@smh.com.au,M,Instructor
47,Bernadene Lawes,26,blawes1a@addtoany.com,M,Instructor
48,Glyn Touson,24,gtouson1b@godaddy.com,M,Student
49,Gayler Dobell,28,gdobell1c@nih.gov,F,Stuff
50,Lusa Silverson,23,lsilverson1d@tmall.com,F,Student
51,Gabie Loughead,25,gloughead1e@lycos.com,F,Instructor
52,Hettie Larive,23,hlarive1f@samsung.com,F,Stuff
53,Tamiko Beever,18,tbeever1g@state.gov,F,Stuff
54,Samantha Swedeland,21,sswedeland1h@stumbleupon.com,F,Stuff
55,Mina Footitt,20,mfootitt1i@hc360.com,M,Stuff
56,Jo Cowle,30,jcowle1j@cbslocal.com,F,Student
57,Cleavland Sprigings,28,csprigings1k@bing.com,F,Instructor
58,Erinn Kalkhoven,30,ekalkhoven1l@shareasale.com,F,Instructor
59,Viole Belderson,29,vbelderson1m@jugem.jp,M,Student
60,Claribel Murcutt,25,cmurcutt1n@printfriendly.com,M,Instructor
61,Magda Kelcey,23,mkelcey1o@hexun.com,M,Stuff
62,Sly Laugherane,29,slaugherane1p@ebay.co.uk,F,Student
63,Billye Whitesel,25,bwhitesel1q@gnu.org,M,Instructor
64,Carma Reboul,18,creboul1r@desdev.cn,M,Stuff
65,Fanny Prettyjohn,25,fprettyjohn1s@marketwatch.com,M,Stuff
66,Jeanine Lovitt,24,jlovitt1t@free.fr,M,Stuff
67,Tam Corran,27,tcorran1u@woothemes.com,F,Instructor
68,Humbert Kite,28,hkite1v@java.com,F,Student
69,Mitchael Wrates,27,mwrates1w@phpbb.com,M,Stuff
70,Helenka Luckwell,21,hluckwell1x@fotki.com,M,Instructor
71,Benedicto McFfaden,29,bmcffaden1y@who.int,F,Stuff
72,Cal Panketh,18,cpanketh1z@sogou.com,F,Student
73,Susi Duthy,28,sduthy20@google.ru,F,Instructor
74,Waylan Tethcote,30,wtethcote21@goodreads.com,F,Student
75,Dallas Lampkin,26,dlampkin22@jigsy.com,M,Stuff
76,Forbes McKyrrelly,23,fmckyrrelly23@pcworld.com,F,Student
77,Jervis Reichert,24,jreichert24@imdb.com,M,Stuff
78,Kizzee O'Fergus,26,kofergus25@webs.com,M,Stuff
79,Casar Brazur,27,cbrazur26@imdb.com,M,Student
80,Nanci Gouth,30,ngouth27@yahoo.co.jp,M,Student
81,Ripley Funcheon,25,rfuncheon28@tmall.com,M,Stuff
82,Rudolph Charlet,20,rcharlet29@sohu.com,F,Student
83,Meredith Tillard,30,mtillard2a@opera.com,M,Student
84,Kinna McGeachey,26,kmcgeachey2b@netlog.com,M,Student
85,Missie Colliss,26,mcolliss2c@alexa.com,M,Student
86,Britt Delatour,20,bdelatour2d@princeton.edu,F,Instructor
87,Neddie Mityushkin,24,nmityushkin2e@woothemes.com,M,Stuff
88,Douglass Bracknell,26,dbracknell2f@canalblog.com,F,Instructor
89,Astrid Winridge,26,awinridge2g@purevolume.com,M,Stuff
90,Olva Doxsey,20,odoxsey2h@google.nl,F,Student
91,Linoel Rydzynski,21,lrydzynski2i@blogger.com,F,Instructor
92,Jodi Bownde,27,jbownde2j@cnn.com,F,Student
93,Lek Ambrogini,18,lambrogini2k@hc360.com,M,Student
94,Lynsey Hadcock,24,lhadcock2l@hc360.com,M,Student
95,Jena Willbond,27,jwillbond2m@flickr.com,F,Student
96,Dolores Meyer,21,dmeyer2n@dropbox.com,F,Instructor
97,Mitchael Bernardin,22,mbernardin2o@nasa.gov,F,Student
98,Reggy Raitt,28,rraitt2p@shareasale.com,M,Stuff
99,Silva Badland,25,sbadland2q@unc.edu,F,Student
100,Cory Housecraft,22,chousecraft2r@admin.ch,M,Stuff
101,Melantha Cosbee,21,mcosbee2s@tiny.cc,M,Stuff
102,Cyrille Bee,30,cbee2t@reuters.com,F,Instructor
103,Hedwiga Balfour,20,hbalfour2u@sourceforge.net,F,Stuff
104,Trefor Tukely,19,ttukely2v@eventbrite.com,M,Student
105,Estele Haxby,28,ehaxby2w@jigsy.com,F,Student
106,Colan Dyerson,19,cdyerson2x@geocities.com,F,Instructor
107,Kalle Sabater,18,ksabater2y@businessweek.com,F,Stuff
108,Darin Van den Hof,25,dvan2z@last.fm,F,Instructor
109,Hamilton Garham,21,hgarham30@webeden.co.uk,F,Stuff
110,Ad Bazelle,21,abazelle31@ycombinator.com,F,Stuff
111,Cally Stachini,20,cstachini32@yellowpages.com,M,Stuff
112,Alastair Jankin,23,ajankin33@elpais.com,M,Student
113,Freemon Toffoletto,22,ftoffoletto34@telegraph.co.uk,F,Stuff
114,Garfield Pulver,20,gpulver35@arstechnica.com,M,Instructor
115,Shandy Stoneley,23,sstoneley36@buzzfeed.com,M,Student
116,Sterling Bains,28,sbains37@google.nl,F,Stuff
117,Rip Frackiewicz,24,rfrackiewicz38@amazon.de,M,Stuff
118,Marve Grattan,19,mgrattan39@rakuten.co.jp,F,Instructor
119,Erhart Traviss,24,etraviss3a@quantcast.com,M,Instructor
120,Forester Farman,28,ffarman3b@shareasale.com,M,Instructor
121,Windy Edinboro,24,wedinboro3c@bigcartel.com,M,Student
122,Elsinore Gouch,26,egouch3d@live.com,M,Stuff
123,Audrey Wesley,27,awesley3e@scientificamerican.com,F,Stuff
124,Lemmie Stirling,21,lstirling3f@dyndns.org,F,Instructor
125,Jaquelin Pedron,21,jpedron3g@constantcontact.com,F,Instructor
126,Hilliard Furmonger,24,hfurmonger3h@usgs.gov,M,Student
127,Enos Yushkov,18,eyushkov3i@webeden.co.uk,F,Instructor
128,Zondra Leijs,27,zleijs3j@oakley.com,F,Instructor
129,Hamel Benmore,25,hbenmore3k@163.com,M,Instructor
130,Obie Thurley,21,othurley3l@vistaprint.com,M,Stuff
131,Orland Jaynes,23,ojaynes3m@artisteer.com,F,Instructor
132,Genia Cowdry,21,gcowdry3n@addtoany.com,M,Instructor
133,Josefa Hellicar,23,jhellicar3o@chicagotribune.com,F,Instructor
134,Tannie Salterne,25,tsalterne3p@ning.com,F,Stuff
135,Marline Swede,21,mswede3q@latimes.com,F,Instructor
136,Mathian Berthel,18,mberthel3r@irs.gov,M,Instructor
137,Hildagard Matchett,23,hmatchett3s@pinterest.com,F,Stuff
138,Valentia Nussii,19,vnussii3t@surveymonkey.com,F,Student
139,Jinny Melladew,19,jmelladew3u@trellian.com,M,Student
140,Elli Ysson,28,eysson3v@hostgator.com,M,Student
141,Avivah Cokely,25,acokely3w@economist.com,M,Stuff
142,Hildy Shovelbottom,26,hshovelbottom3x@europa.eu,M,Student
143,Bryn Tallman,22,btallman3y@creativecommons.org,M,Instructor
144,Aloise Lucus,21,alucus3z@yahoo.co.jp,F,Instructor
145,Gabriell Hambrook,20,ghambrook40@ted.com,F,Student
146,Benedicta Mahood,27,bmahood41@tuttocitta.it,F,Student
147,Pennie Becke,27,pbecke42@scribd.com,F,Instructor
148,Mavra Chaudron,22,mchaudron43@usnews.com,M,Instructor
149,Rycca Laughlan,29,rlaughlan44@google.it,F,Student
150,Tate Uwins,27,tuwins45@dmoz.org,F,Student
151,Lorant Stoeck,25,lstoeck46@senate.gov,F,Stuff
152,Esra Patullo,25,epatullo47@kickstarter.com,M,Student
153,Koo Horrell,29,khorrell48@deliciousdays.com,F,Student
154,Millie Bullers,23,mbullers49@blogs.com,M,Instructor
155,Sergeant Trussler,25,strussler4a@newsvine.com,M,Student
156,Elise Madgwick,25,emadgwick4b@123-reg.co.uk,F,Instructor
157,Iggie Marti,27,imarti4c@state.tx.us,F,Student
158,Lanae Prendergast,25,lprendergast4d@phpbb.com,M,Student
159,Jerrie Bladge,28,jbladge4e@de.vu,M,Student
160,Lorry Riceards,28,lriceards4f@japanpost.jp,F,Instructor
161,Auberon Bockh,22,abockh4g@arstechnica.com,F,Instructor
162,Royce Wrates,20,rwrates4h@imgur.com,M,Instructor
163,Lacie Stansbie,28,lstansbie4i@networksolutions.com,F,Instructor
164,Coreen Lafayette,25,clafayette4j@samsung.com,M,Instructor
165,Reginald Antczak,22,rantczak4k@jigsy.com,F,Instructor
166,Carry Bramwich,21,cbramwich4l@youtu.be,M,Student
167,Neall Massinger,29,nmassinger4m@sfgate.com,F,Stuff
168,Yolanda Cashford,28,ycashford4n@live.com,M,Stuff
169,Linn Shorte,21,lshorte4o@ning.com,F,Student
170,Erinna Toombes,24,etoombes4p@google.cn,M,Stuff
171,Anatollo Yurikov,22,ayurikov4q@skyrock.com,F,Student
172,Nicolina Glancy,25,nglancy4r@addthis.com,M,Student
173,Raychel Siegertsz,21,rsiegertsz4s@pcworld.com,M,Instructor
174,Tobe Landeaux,25,tlandeaux4t@hibu.com,F,Instructor
175,Allissa Deary,20,adeary4u@wordpress.org,F,Instructor
176,Robina Crannage,28,rcrannage4v@mysql.com,M,Instructor
177,Dollie Lansly,18,dlansly4w@domainmarket.com,F,Student
178,Orel Raise,28,oraise4x@ox.ac.uk,F,Instructor
179,Gratia Beccero,28,gbeccero4y@digg.com,M,Stuff
180,Saundra Pothbury,30,spothbury4z@ftc.gov,M,Student
181,Kass Simoni,25,ksimoni50@mysql.com,M,Student
182,Almeria Borless,27,aborless51@nytimes.com,F,Student
183,Wallache Rigmand,19,wrigmand52@shutterfly.com,M,Stuff
184,Ase Wank,20,awank53@hc360.com,F,Instructor
185,Sergent Lente,26,slente54@chicagotribune.com,M,Instructor
186,Alicia Foxall,26,afoxall55@printfriendly.com,F,Instructor
187,Roberto Billett,26,rbillett56@feedburner.com,M,Student
188,Odella Ricca,26,oricca57@vkontakte.ru,M,Instructor
189,Westbrooke Ceaser,30,wceaser58@live.com,M,Instructor
190,Alonso Vischi,19,avischi59@java.com,M,Stuff
191,Payton Lansdale,25,plansdale5a@smugmug.com,M,Student
192,Darbie Aslin,27,daslin5b@acquirethisname.com,F,Student
193,Stephie Woloschin,30,swoloschin5c@globo.com,F,Student
194,Jazmin Caret,19,jcaret5d@cnbc.com,M,Instructor
195,Dona Daveran,22,ddaveran5e@yellowpages.com,M,Student
196,Wallache Shiel,18,wshiel5f@networksolutions.com,M,Stuff
197,Lorrie Acum,19,lacum5g@cloudflare.com,F,Stuff
198,Travus Dolton,22,tdolton5h@shareasale.com,F,Stuff
199,Leandra France,22,lfrance5i@imdb.com,F,Student
200,Buddy Churchlow,20,bchurchlow5j@time.com,F,Stuff
201,Augusto Dominici,25,adominici5k@samsung.com,M,Student
202,Horten Weeden,20,hweeden5l@addthis.com,F,Student
203,Renelle Sandland,21,rsandland5m@topsy.com,F,Instructor
204,Nerty Bichard,25,nbichard5n@cbslocal.com,M,Student
205,Winna Lamble,26,wlamble5o@ezinearticles.com,M,Stuff
206,Adel Revitt,18,arevitt5p@ucla.edu,F,Student
207,Myer Luggar,20,mluggar5q@bravesites.com,F,Stuff
208,Hanny MacGuiness,30,hmacguiness5r@e-recht24.de,F,Student
209,Danna Alderwick,30,dalderwick5s@tripod.com,M,Instructor
210,Jackelyn Calvert,22,jcalvert5t@ca.gov,F,Stuff
211,Chryste Cosyns,29,ccosyns5u@berkeley.edu,F,Instructor
212,Carie Cresser,28,ccresser5v@cnn.com,M,Student
213,Flinn Paternoster,23,fpaternoster5w@webmd.com,M,Instructor
214,Osbourn Zellner,25,ozellner5x@about.me,F,Instructor
215,Wyatt O'Heagertie,19,woheagertie5y@house.gov,M,Stuff
216,Lanie McGuff,20,lmcguff5z@liveinternet.ru,F,Student
217,Vallie Launder,19,vlaunder60@admin.ch,M,Student
218,Camilla Podd,18,cpodd61@jalbum.net,M,Student
219,Christoforo Agget,18,cagget62@boston.com,M,Instructor
220,Zerk Rockhall,21,zrockhall63@uol.com.br,M,Instructor
221,Miguel Manjin,21,mmanjin64@google.com,F,Instructor
222,Janaye MacRirie,25,jmacririe65@digg.com,F,Stuff
223,Andie Dunthorn,21,adunthorn66@google.it,M,Student
224,Druci Bullent,27,dbullent67@privacy.gov.au,M,Student
225,Phillie Simonel,25,psimonel68@webmd.com,F,Student
226,Whitaker Wehden,23,wwehden69@usda.gov,M,Instructor
227,Brigit Fremantle,19,bfremantle6a@un.org,F,Instructor
228,Iago Josebury,30,ijosebury6b@vkontakte.ru,M,Stuff
229,Paddy Rootes,28,prootes6c@amazon.com,M,Student
230,Fitzgerald Hastings,19,fhastings6d@amazon.com,M,Stuff
231,Graham Bartkowiak,20,gbartkowiak6e@friendfeed.com,M,Student
232,Karyn Smitham,24,ksmitham6f@sciencedirect.com,F,Student
233,Rey McKenzie,23,rmckenzie6g@dailymail.co.uk,F,Stuff
234,Cal Bellon,18,cbellon6h@narod.ru,F,Instructor
235,Dareen Gummer,23,dgummer6i@wordpress.org,M,Stuff
236,Morissa Rennebach,25,mrennebach6j@tinyurl.com,M,Stuff
237,Stanly Josilevich,25,sjosilevich6k@jimdo.com,F,Student
238,Lisha Frango,22,lfrango6l@mtv.com,M,Instructor
239,Gaylord Iorizzi,25,giorizzi6m@weather.com,F,Instructor
240,Constanta Swanton,30,cswanton6n@buzzfeed.com,M,Stuff
241,Morgen Jeckell,29,mjeckell6o@ow.ly,F,Instructor
242,Dari Bridson,24,dbridson6p@alexa.com,F,Stuff
243,Sander Woodwin,21,swoodwin6q@example.com,M,Stuff
244,Percy Naisey,27,pnaisey6r@shutterfly.com,F,Student
245,Antin Rieflin,20,arieflin6s@europa.eu,F,Student
246,Janifer Sprules,19,jsprules6t@livejournal.com,F,Stuff
247,Kata Gunthorp,23,kgunthorp6u@noaa.gov,M,Stuff
248,Brigit Keighly,18,bkeighly6v@yandex.ru,F,Instructor
249,Franklin Blaker,18,fblaker6w@w3.org,M,Instructor
250,Malvin Stonary,19,mstonary6x@reddit.com,M,Stuff
251,Nestor Frohock,22,nfrohock6y@paypal.com,M,Stuff
252,Elsie Breache,23,ebreache6z@freewebs.com,F,Stuff
253,Florinda Frangello,20,ffrangello70@psu.edu,F,Instructor
254,Karlene Folkes,21,kfolkes71@weather.com,M,Instructor
255,Guntar Snare,28,gsnare72@jalbum.net,F,Instructor
256,Karole Schubbert,19,kschubbert73@unicef.org,F,Instructor
257,Stephani Braitling,19,sbraitling74@360.cn,M,Student
258,Erick Jankin,22,ejankin75@yandex.ru,M,Instructor
259,Van Attewell,23,vattewell76@mapquest.com,M,Student
260,Kurtis Setterthwait,22,ksetterthwait77@harvard.edu,F,Stuff
261,Danell Julian,22,djulian78@hostgator.com,F,Stuff
262,Fidelia Burbridge,29,fburbridge79@livejournal.com,M,Student
263,Bryana Turvie,19,bturvie7a@china.com.cn,F,Stuff
264,Maible Hollier,26,mhollier7b@ed.gov,F,Stuff
265,Helyn Babbe,21,hbabbe7c@miitbeian.gov.cn,M,Stuff
266,Terrell Keenlayside,28,tkeenlayside7d@marketwatch.com,M,Student
267,Janina Papes,19,jpapes7e@joomla.org,M,Stuff
268,Natividad Rannald,25,nrannald7f@sun.com,M,Student
269,Martina Duesberry,19,mduesberry7g@bbb.org,F,Student
270,Stacia Driussi,19,sdriussi7h@list-manage.com,M,Student
271,Rocky Wordley,24,rwordley7i@nih.gov,F,Stuff
272,Enrika Tejero,27,etejero7j@digg.com,M,Stuff
273,Thatcher Eyrl,24,teyrl7k@geocities.jp,M,Student
274,Kellby Scallon,26,kscallon7l@usgs.gov,M,Stuff
275,Lion Villaret,18,lvillaret7m@youtu.be,F,Student
276,Astra Dearlove,29,adearlove7n@pcworld.com,M,Instructor
277,Mayer Theunissen,18,mtheunissen7o@rambler.ru,F,Student
278,Tallie Fanshawe,28,tfanshawe7p@unicef.org,F,Instructor
279,Tildie Cancellario,25,tcancellario7q@webs.com,M,Stuff
280,Mack Whiteson,26,mwhiteson7r@salon.com,F,Stuff
281,Gay Keates,25,gkeates7s@java.com,F,Instructor
282,Marie-ann Haughan,23,mhaughan7t@theguardian.com,M,Instructor
283,Prudence Relph,18,prelph7u@fda.gov,M,Student
284,Candra Jest,22,cjest7v@archive.org,M,Instructor
285,Dan Ashburne,27,dashburne7w@bing.com,M,Student
286,Anstice Jeays,29,ajeays7x@miitbeian.gov.cn,M,Student
287,Mahmud Pobjay,18,mpobjay7y@reddit.com,F,Stuff
288,Margaretha Ching,18,mching7z@aboutads.info,M,Instructor
289,Vitoria MacRirie,25,vmacririe80@sfgate.com,M,Stuff
290,Doralynn Carletti,25,dcarletti81@prlog.org,M,Stuff
291,Inigo Sheryne,18,isheryne82@answers.com,M,Instructor
292,Luigi Gawkes,20,lgawkes83@imgur.com,M,Stuff
293,Ambrose Hafner,25,ahafner84@wiley.com,F,Stuff
294,Pedro Mutlow,23,pmutlow85@delicious.com,M,Stuff
295,Ivette Jachimiak,28,ijachimiak86@google.de,F,Instructor
296,Ollie Peeke,23,opeeke87@joomla.org,F,Stuff
297,Garey Le Sieur,24,gle88@pbs.org,F,Student
298,Ariadne Kuschek,22,akuschek89@icio.us,F,Stuff
299,Hyman Byrth,27,hbyrth8a@printfriendly.com,M,Stuff
300,Kikelia Widdison,21,kwiddison8b@nydailynews.com,M,Stuff
210103036,Yerbo,18,@@,male,student
